Conference,Team,Name,LogonName
Eastern Conference,Detroit Pistons,Ausar Thompson,athompson
Eastern Conference,Detroit Pistons,Cade Cunningham,ccunningham
Eastern Conference,Detroit Pistons,Caris LeVert,clevert
Eastern Conference,Detroit Pistons,Chaz Lanier,clanier
Eastern Conference,Detroit Pistons,Daniss Jenkins,djenkins
Eastern Conference,Detroit Pistons,Duncan Robinson,drobinson
Eastern Conference,Detroit Pistons,Isaiah Stewart,istewart
Eastern Conference,Detroit Pistons,Jalen Duren,jduren
Eastern Conference,Detroit Pistons,Javonte Green,jgreen
Eastern Conference,Detroit Pistons,Kevin Huerter,khuerter
Eastern Conference,Detroit Pistons,Marcus Sasser,msasser
Eastern Conference,Detroit Pistons,Paul Reed,preed
Eastern Conference,Detroit Pistons,Ron Holland II,rhollandii
Eastern Conference,Detroit Pistons,Tobias Harris,tharris
Eastern Conference,Detroit Pistons,Tolu Smith,tsmith
Eastern Conference,Boston Celtics,Amari Williams,awilliams
Eastern Conference,Boston Celtics,Baylor Scheierman,bscheierman
Eastern Conference,Boston Celtics,Dalano Banton,dbanton
Eastern Conference,Boston Celtics,Derrick White,dwhite
Eastern Conference,Boston Celtics,Hugo Gonzalez,hgonzalez
Eastern Conference,Boston Celtics,Jaylen Brown,jbrown
Eastern Conference,Boston Celtics,Jayson Tatum,jtatum
Eastern Conference,Boston Celtics,Jordan Walsh,jwalsh
Eastern Conference,Boston Celtics,Luka Garza,lgarza
Eastern Conference,Boston Celtics,Maksym Shulga,mshulga
Eastern Conference,Boston Celtics,Neemias Queta,nqueta
Eastern Conference,Boston Celtics,Nikola Vukcevic,nvukcevic
Eastern Conference,Boston Celtics,Payton Pritchard,ppritchard
Eastern Conference,Boston Celtics,Ron Harper Jr.,rharperjr
Eastern Conference,Boston Celtics,Sam Hauser,shauser
Eastern Conference,New York Knicks,Ariel Hukporti,ahukporti
Eastern Conference,New York Knicks,Jalen Brunson,jbrunson
Eastern Conference,New York Knicks,Jeremy Sochan,jsochan
Eastern Conference,New York Knicks,Jordan Clarkson,jclarkson
Eastern Conference,New York Knicks,Jose Alvarado,jalvarado
Eastern Conference,New York Knicks,Josh Hart,jhart
Eastern Conference,New York Knicks,Karl-Anthony Towns,ktowns
Eastern Conference,New York Knicks,Landry Shamet,lshamet
Eastern Conference,New York Knicks,Mikal Bridges,mbridges
Eastern Conference,New York Knicks,Miles McBride,mmcbride
Eastern Conference,New York Knicks,Mitchell Robinson,mrobinson
Eastern Conference,New York Knicks,Mohamed Diawara,mdiawara
Eastern Conference,New York Knicks,OG Anunoby,oanunoby
Eastern Conference,New York Knicks,Pacome Dadiet,pdadiet
Eastern Conference,New York Knicks,Tyler Kolek,tkolek
Eastern Conference,Cleveland Cavaliers,Craig Porter Jr,cporterjr
Eastern Conference,Cleveland Cavaliers,Dean Wade,dwade
Eastern Conference,Cleveland Cavaliers,Dennis Schroder,dschroder
Eastern Conference,Cleveland Cavaliers,Donovan Mitchell,dmitchell
Eastern Conference,Cleveland Cavaliers,Evan Mobley,emobley
Eastern Conference,Cleveland Cavaliers,James Harden,jharden
Eastern Conference,Cleveland Cavaliers,Jarrett Allen,jallen
Eastern Conference,Cleveland Cavaliers,Jaylon Tyson,jtyson
Eastern Conference,Cleveland Cavaliers,Keon Ellis,kellis
Eastern Conference,Cleveland Cavaliers,Larry Nance Jr.,lnancejr
Eastern Conference,Cleveland Cavaliers,Max Strus,mstrus
Eastern Conference,Cleveland Cavaliers,Nae'Qwan Tomlin,ntomlin
Eastern Conference,Cleveland Cavaliers,Sam Merrill,smerrill
Eastern Conference,Cleveland Cavaliers,Thomas Bryant,tbryant
Eastern Conference,Cleveland Cavaliers,Tyrese Proctor,tproctor
Eastern Conference,Toronto Raptors,AJ Lawson,alawson
Eastern Conference,Toronto Raptors,Brandon Ingram,bingram
Eastern Conference,Toronto Raptors,Collin Murray-Boyles,cmurrayboyles
Eastern Conference,Toronto Raptors,Garrett Temple,gtemple
Eastern Conference,Toronto Raptors,Gradey Dick,gdick
Eastern Conference,Toronto Raptors,Ja'Kobe Walter,jwalter
Eastern Conference,Toronto Raptors,Jakob Poeltl,jpoeltl
Eastern Conference,Toronto Raptors,Jamal Shead,jshead
Eastern Conference,Toronto Raptors,Jamison Battle,jbattle
Eastern Conference,Toronto Raptors,Jonathan Mogbo,jmogbo
Eastern Conference,Toronto Raptors,RJ Barrett,rbarrett
Eastern Conference,Toronto Raptors,Sandro Mamukelashvili,smamukelashvili
Eastern Conference,Toronto Raptors,Scottie Barnes,sbarnes
Eastern Conference,Toronto Raptors,Trayce Jackson-Davis,tjacksondavis
Eastern Conference,Atlanta Hawks,Asa Newell,anewell
Eastern Conference,Atlanta Hawks,Buddy Hield,bhield
Eastern Conference,Atlanta Hawks,CJ McCollum,cmccollum
Eastern Conference,Atlanta Hawks,Corey Kispert,ckispert
Eastern Conference,Atlanta Hawks,Dyson Daniels,ddaniels
Eastern Conference,Atlanta Hawks,Gabe Vincent,gvincent
Eastern Conference,Atlanta Hawks,Jalen Johnson,jjohnson
Eastern Conference,Atlanta Hawks,Jonathan Kuminga,jkuminga
Eastern Conference,Atlanta Hawks,Keaton Wallace,kwallace
Eastern Conference,Atlanta Hawks,Mouhamed Gueye,mgueye
Eastern Conference,Atlanta Hawks,Nickeil Alexander-Walker,nalexanderwalker
Eastern Conference,Atlanta Hawks,Onyeka Okongwu,ookongwu
Eastern Conference,Atlanta Hawks,Tony Bradley,tbradley
Eastern Conference,Atlanta Hawks,Zaccharie Risacher,zrisacher
Eastern Conference,Philadelphia 76ers,Adem Bona,abona
Eastern Conference,Philadelphia 76ers,Andre Drummond,adrummond
Eastern Conference,Philadelphia 76ers,Dalen Terry,dterry
Eastern Conference,Philadelphia 76ers,Dominick Barlow,dbarlow
Eastern Conference,Philadelphia 76ers,Jabari Walker,jwalker
Eastern Conference,Philadelphia 76ers,Joel Embiid,jembiid
Eastern Conference,Philadelphia 76ers,Johni Broome,jbroome
Eastern Conference,Philadelphia 76ers,Justin Edwards,jedwards
Eastern Conference,Philadelphia 76ers,Kelly Oubre Jr.,koubrejr
Eastern Conference,Philadelphia 76ers,Kyle Lowry,klowry
Eastern Conference,Philadelphia 76ers,Paul George,pgeorge
Eastern Conference,Philadelphia 76ers,Quentin Grimes,qgrimes
Eastern Conference,Philadelphia 76ers,Trendon Watford,twatford
Eastern Conference,Philadelphia 76ers,Tyrese Maxey,tmaxey
Eastern Conference,Philadelphia 76ers,VJ Edgecombe Jr.,vedgecombejr
Eastern Conference,Orlando Magic,Anthony Black,ablack
Eastern Conference,Orlando Magic,Desmond Bane,dbane
Eastern Conference,Orlando Magic,Franz Wagner,fwagner
Eastern Conference,Orlando Magic,Goga Bitadze,gbitadze
Eastern Conference,Orlando Magic,Jalen Suggs,jsuggs
Eastern Conference,Orlando Magic,Jamal Cain,jcain
Eastern Conference,Orlando Magic,Jase Richardson,jrichardson
Eastern Conference,Orlando Magic,Jett Howard,jhoward
Eastern Conference,Orlando Magic,Jevon Carter,jcarter
Eastern Conference,Orlando Magic,Moritz Wagner,mwagner
Eastern Conference,Orlando Magic,Noah Penda,npenda
Eastern Conference,Orlando Magic,Paolo Banchero,pbanchero
Eastern Conference,Orlando Magic,Tristan Da Silva,tdasilva
Eastern Conference,Orlando Magic,Wendell Carter Jr.,wcarterjr
Western Conference,Oklahoma City Thunder,Aaron Wiggins,awiggins
Western Conference,Oklahoma City Thunder,Ajay Mitchell,amitchell
Western Conference,Oklahoma City Thunder,Alex Caruso,acaruso
Western Conference,Oklahoma City Thunder,Cason Wallace,cwallace
Western Conference,Oklahoma City Thunder,Chet Holmgren,cholmgren
Western Conference,Oklahoma City Thunder,Isaiah Hartenstein,ihartenstein
Western Conference,Oklahoma City Thunder,Isaiah Joe,ijoe
Western Conference,Oklahoma City Thunder,Jalen Williams,jwilliams
Western Conference,Oklahoma City Thunder,Jared McCain,jmccain
Western Conference,Oklahoma City Thunder,Jaylin Williams,jwilliams1
Western Conference,Oklahoma City Thunder,Kenrich Williams,kwilliams
Western Conference,Oklahoma City Thunder,Luguentz Dort,ldort
Western Conference,Oklahoma City Thunder,Nikola Topic,ntopic
Western Conference,Oklahoma City Thunder,Shai Gilgeous-Alexander,sgilgeousalexander
Western Conference,San Antonio Spurs,Bismack Biyombo,bbiyombo
Western Conference,San Antonio Spurs,Carter Bryant,cbryant
Western Conference,San Antonio Spurs,De'Aaron Fox,dfox
Western Conference,San Antonio Spurs,Devin Vassell,dvassell
Western Conference,San Antonio Spurs,Dylan Harper,dharper
Western Conference,San Antonio Spurs,Harrison Barnes,hbarnes
Western Conference,San Antonio Spurs,Jordan McLaughlin,jmclaughlin
Western Conference,San Antonio Spurs,Julian Champagnie,jchampagnie
Western Conference,San Antonio Spurs,Keldon Johnson,kjohnson
Western Conference,San Antonio Spurs,Kelly Olynyk,kolynyk
Western Conference,San Antonio Spurs,Lindy Waters III,lwatersiii
Western Conference,San Antonio Spurs,Luke Kornet,lkornet
Western Conference,San Antonio Spurs,Mason Plumlee,mplumlee
Western Conference,San Antonio Spurs,Stephon Castle,scastle
Western Conference,San Antonio Spurs,Victor Wembanyama,vwembanyama
Western Conference,Denver Nuggets,Aaron Gordon,agordon
Western Conference,Denver Nuggets,Bruce Brown Jr.,bbrownjr
Western Conference,Denver Nuggets,Cameron Johnson,cjohnson
Western Conference,Denver Nuggets,Christian Braun,cbraun
Western Conference,Denver Nuggets,Daron Holmes II,dholmesii
Western Conference,Denver Nuggets,Jalen Pickett,jpickett
Western Conference,Denver Nuggets,Jamal Murray,jmurray
Western Conference,Denver Nuggets,Jonas Valanciunas,jvalanciunas
Western Conference,Denver Nuggets,Julian Strawther,jstrawther
Western Conference,Denver Nuggets,Nikola Jokic,njokic
Western Conference,Denver Nuggets,Spencer Jones,sjones
Western Conference,Denver Nuggets,Tim Hardaway Jr.,thardawayjr
Western Conference,Denver Nuggets,Tyus Jones,tjones
Western Conference,Denver Nuggets,Zeke Nnaji,znnaji
Western Conference,Los Angeles Lakers,Adou Thiero,athiero
Western Conference,Los Angeles Lakers,Austin Reaves,areaves
Western Conference,Los Angeles Lakers,Bronny James,bjames
Western Conference,Los Angeles Lakers,Dalton Knecht,dknecht
Western Conference,Los Angeles Lakers,Deandre Ayton,dayton
Western Conference,Los Angeles Lakers,Jake Laravia,jlaravia
Western Conference,Los Angeles Lakers,Jarred Vanderbilt,jvanderbilt
Western Conference,Los Angeles Lakers,Jaxson Hayes,jhayes
Western Conference,Los Angeles Lakers,LeBron James,ljames
Western Conference,Los Angeles Lakers,Luke Kennard,lkennard
Western Conference,Los Angeles Lakers,Marcus Smart,msmart
Western Conference,Los Angeles Lakers,Maximilian Kleber,mkleber
Western Conference,Los Angeles Lakers,Nick Smith Jr,nsmithjr
Western Conference,Los Angeles Lakers,Rui Hachimura,rhachimura
Western Conference,Houston Rockets,Aaron Holiday,aholiday
Western Conference,Houston Rockets,Alperen Sengun,asengun
Western Conference,Houston Rockets,Amen Thompson,athompson1
Western Conference,Houston Rockets,Clint Capela,ccapela
Western Conference,Houston Rockets,Dorian Finney-Smith,dfinneysmith
Western Conference,Houston Rockets,JD Davison,jdavison
Western Conference,Houston Rockets,Jabari Smith II,jsmithii
Western Conference,Houston Rockets,Jae'Sean Tate,jtate
Western Conference,Houston Rockets,Jeff Green,jgreen1
Western Conference,Houston Rockets,Josh Okogie,jokogie
Western Conference,Houston Rockets,Kevin Durant,kdurant
Western Conference,Houston Rockets,Reed Sheppard,rsheppard
Western Conference,Houston Rockets,Tari Eason,teason
Western Conference,Minnesota Timberwolves,Anthony Edwards,aedwards
Western Conference,Minnesota Timberwolves,Ayo Dosunmu,adosunmu
Western Conference,Minnesota Timberwolves,Donte DiVincenzo,ddivincenzo
Western Conference,Minnesota Timberwolves,Jaden McDaniels,jmcdaniels
Western Conference,Minnesota Timberwolves,Jaylen Clark,jclark
Western Conference,Minnesota Timberwolves,Joan Beringer,jberinger
Western Conference,Minnesota Timberwolves,Joe Ingles,jingles
Western Conference,Minnesota Timberwolves,Julian Phillips,jphillips
Western Conference,Minnesota Timberwolves,Julius Randle,jrandle
Western Conference,Minnesota Timberwolves,Kyle Anderson,kanderson
Western Conference,Minnesota Timberwolves,Mike Conley,mconley
Western Conference,Minnesota Timberwolves,Nah'Shon Hyland,nhyland
Western Conference,Minnesota Timberwolves,Naz Reid,nreid
Western Conference,Minnesota Timberwolves,Rudy Gobert,rgobert
Western Conference,Minnesota Timberwolves,Terrence Shannon Jr.,tshannonjr
Western Conference,Portland Trail Blazers,Blake Wesley,bwesley
Western Conference,Portland Trail Blazers,Deny Avdija,davdija
Western Conference,Portland Trail Blazers,Donovan Clingan,dclingan
Western Conference,Portland Trail Blazers,Hansen Yang,hyang
Western Conference,Portland Trail Blazers,Jerami Grant,jgrant
Western Conference,Portland Trail Blazers,Jrue Holiday,jholiday
Western Conference,Portland Trail Blazers,Kris Murray,kmurray
Western Conference,Portland Trail Blazers,Matisse Thybulle,mthybulle
Western Conference,Portland Trail Blazers,Robert Williams,rwilliams
Western Conference,Portland Trail Blazers,Scoot Henderson,shenderson
Western Conference,Portland Trail Blazers,Shaedon Sharpe,ssharpe
Western Conference,Portland Trail Blazers,Sidy Cissoko,scissoko
Western Conference,Portland Trail Blazers,Toumani Camara,tcamara
Western Conference,Portland Trail Blazers,Vit Krejci,vkrejci
Western Conference,Phoenix Suns,Amir Coffey,acoffey
Western Conference,Phoenix Suns,Collin Gillespie,cgillespie
Western Conference,Phoenix Suns,Devin Booker,dbooker
Western Conference,Phoenix Suns,Dillon Brooks,dbrooks
Western Conference,Phoenix Suns,Grayson Allen,gallen
Western Conference,Phoenix Suns,Haywood Highsmith,hhighsmith
Western Conference,Phoenix Suns,Jalen Green,jgreen2
Western Conference,Phoenix Suns,Jamaree Bouyea,jbouyea
Western Conference,Phoenix Suns,Jordan Goodwin,jgoodwin
Western Conference,Phoenix Suns,Khaman Maluach,kmaluach
Western Conference,Phoenix Suns,Oso Ighodaro,oighodaro
Western Conference,Phoenix Suns,Rasheer Fleming,rfleming
Western Conference,Phoenix Suns,Royce O'Neale,roneale
Western Conference,Phoenix Suns,Ryan Dunn,rdunn
